0,0
0.000020833333110203966,0
0.00004166666622040793,0
0.00006249999569263309,0
0.00008333333244081587,0
0.00010416666918899864,0
0.0001250000059371814,0
0.0001458333426853642,0
0.00016666667943354696,0
0.00018750001618172973,0
0.0002083333529299125,0
0.00022916668967809528,0
0.0002500000118743628,0
0.0002708333486225456,0
0.0002916666853707284,0
0.00031250002211891115,0
0.0003333333588670939,0
0.0003541666956152767,0
0.00037500003236345947,0
0.00039583336911164224,0
0.000416666705859825,0
0.0004375000426080078,0
0.00045833337935619056,0
0.00047916671610437334,0
0.0005000000237487257,0
0.0005208333604969084,0
0.0005416666972450912,0
0.000562500033993274,0
0.0005833333707414567,0
0.0006041667074896395,0
0.0006250000442378223,0
0.0006458333809860051,0
0.0006666667177341878,0
0.0006875000544823706,0
0.0007083333912305534,0
0.0007291667279787362,0
0.0007500000647269189,0
0.0007708334014751017,0
0.0007916667382232845,0
0.0008125000749714673,0
0.00083333341171965,0
0.0008541667484678328,0
0.0008750000852160156,0
0.0008958334219641984,0
0.0009166667587123811,0
0.0009375000954605639,0
0.0009583334322087467,0
0.0009791667107492685,0
0.0010000000474974513,0
0.001020833384245634,0
0.0010416667209938169,0
0.0010625000577419996,0
0.0010833333944901824,0
0.0011041667312383652,0
0.001125000067986548,0
0.0011458334047347307,0
0.0011666667414829135,0
0.0011875000782310963,0
0.001208333414979279,0
0.0012291667517274618,0
0.0012500000884756446,0
0.0012708334252238274,0
0.0012916667619720101,0
0.001312500098720193,0
0.0013333334354683757,0
0.0013541667722165585,0
0.0013750001089647412,0
0.001395833445712924,0
0.0014166667824611068,0
0.0014375001192092896,0
0.0014583334559574723,0
0.001479166792705655,0
0.0015000001294538379,0
0.0015208334662020206,0
0.0015416668029502034,0
0.0015625001396983862,0
0.001583333476446569,0
0.0016041668131947517,0
0.0016250001499429345,0
0.0016458334866911173,0
0.0016666668234393,0
0.0016875001601874828,0
0.0017083334969356656,0
0.0017291668336838484,0
0.0017500001704320312,0
0.001770833507180214,0
0.0017916668439283967,0
0.0018125001806765795,0
0.0018333335174247622,0
0.001854166854172945,0
0.0018750001909211278,0
0.0018958335276693106,0
0.0019166668644174933,0
0.0019375002011656761,0
0.001958333421498537,0
0.001979166641831398,0
0.001999999862164259,0
0.00202083308249712,0
0.002041666302829981,0
0.002062499523162842,0
0.0020833327434957027,0
0.0021041659638285637,0
0.0021249991841614246,0
0.0021458324044942856,0
0.0021666656248271465,0
0.0021874988451600075,0
0.0022083320654928684,0
0.0022291652858257294,0
0.0022499985061585903,0
0.0022708317264914513,0
0.002291664946824312,0
0.002312498167157173,0
0.002333331387490034,0
0.002354164607822895,0
0.002374997828155756,0
0.002395831048488617,0
0.002416664268821478,0
0.002437497489154339,0
0.0024583307094872,0
0.0024791639298200607,0
0.0024999971501529217,0
0.0025208303704857826,0
0.0025416635908186436,0
0.0025624968111515045,0
0.0025833300314843655,0
0.0026041632518172264,0
0.0026249964721500874,0
0.0026458296924829483,0
0.0026666629128158092,0
0.00268749613314867,0
0.002708329353481531,0
0.002729162573814392,0
0.002749995794147253,0
0.002770829014480114,0
0.002791662234812975,0
0.002812495455145836,0
0.002833328675478697,0
0.0028541618958115578,0
0.0028749951161444187,0
0.0028958283364772797,0
0.0029166615568101406,0
0.0029374947771430016,0
0.0029583279974758625,0
0.0029791612178087234,0
0.0029999944381415844,0
0.0030208276584744453,0
0.0030416608788073063,0
0.0030624940991401672,0
0.003083327319473028,0
0.003104160539805889,0
0.00312499376013875,0
0.003145826980471611,0
0.003166660200804472,0
0.003187493421137333,0
0.003208326641470194,0
0.003229159861803055,0
0.0032499930821359158,0
0.0032708263024687767,0
0.0032916595228016376,0
0.0033124927431344986,0
0.0033333259634673595,0
0.0033541591838002205,0
0.0033749924041330814,0
0.0033958256244659424,0
0.0034166588447988033,0
0.0034374920651316643,0
0.0034583252854645252,0
0.003479158505797386,0
0.003499991726130247,0
0.003520824946463108,0
0.003541658166795969,0
0.00356249138712883,0
0.003583324607461691,0
0.003604157827794552,0
0.003624991048127413,0
0.0036458242684602737,0
0.0036666574887931347,0
0.0036874907091259956,0
0.0037083239294588566,0
0.0037291571497917175,0
0.0037499903701245785,0
0.0037708235904574394,0
0.0037916568107903004,0
0.0038124900311231613,0
0.0038333232514560223,0
0.003854156471788883,0
0.003874989692121744,0
0.003895822912454605,0
0.003916656132787466,0
0.003937489353120327,0
0.003958322573453188,0
0.003979155793786049,0
0.00399998901411891,0
0.004020822234451771,0
0.004041655454784632,0
0.004062488675117493,0
0.004083321895450354,0
0.004104155115783215,0
0.0041249883361160755,0
0.0041458215564489365,0
0.004166654776781797,0
0.004187487997114658,0
0.004208321217447519,0
0.00422915443778038,0
0.004249987658113241,0
0.004270820878446102,0
0.004291654098778963,0
0.004312487319111824,0
0.004333320539444685,0
0.004354153759777546,0
0.004374986980110407,0
0.004395820200443268,0
0.004416653420776129,0
0.00443748664110899,0
0.004458319861441851,0
0.004479153081774712,0
0.0044999863021075726,0
0.0045208195224404335,0
0.0045416527427732944,0
0.004562485963106155,0
0.004583319183439016,0
0.004604152403771877,0
0.004624985624104738,0
0.004645818844437599,0
0.00466665206477046,0
0.004687485285103321,0
0.004708318505436182,0
0.004729151725769043,0
0.004749984946101904,0
0.004770818166434765,0
0.004791651386767626,0
0.004812484607100487,0
0.004833317827433348,0
0.004854151047766209,0
0.00487498426809907,0
0.0048958174884319305,0
0.0049166507087647915,0
0.0049374839290976524,0
0.004958317149430513,0
0.004979150369763374,0
0.004999983590096235,0
0.005020816810429096,0
0.005041650030761957,0
0.005062483251094818,0
0.005083316471427679,0
0.00510414969176054,0
0.005124982912093401,0
0.005145816132426262,0
0.005166649352759123,0
0.005187482573091984,0
0.005208315793424845,0
0.005229149013757706,0
0.005249982234090567,0
0.005270815454423428,0
0.0052916486747562885,0
0.0053124818950891495,0
0.00533331511542201,0
0.005354148335754871,0
0.005374981556087732,0
0.005395814776420593,0
0.005416647996753454,0
0.005437481217086315,0
0.005458314437419176,0
0.005479147657752037,0
0.005499980878084898,0
0.005520814098417759,0
0.00554164731875062,0
0.005562480539083481,0
0.005583313759416342,0
0.005604146979749203,0
0.005624980200082064,0
0.005645813420414925,0
0.005666646640747786,0
0.0056874798610806465,0
0.0057083130814135075,0
0.005729146301746368,0
0.005749979522079229,0
0.00577081274241209,0
0.005791645962744951,0
0.005812479183077812,0
0.005833312403410673,0
0.005854145623743534,0
0.005874978844076395,0
0.005895812064409256,0
0.005916645284742117,0
0.005937478505074978,0
0.005958311725407839,0
0.0059791449457407,0
0.005999978166073561,0
0.006020811386406422,0
0.006041644606739283,0
0.0060624778270721436,0
0.0060833110474050045,0
0.0061041442677378654,0
0.006124977488070726,0
0.006145810708403587,0
0.006166643928736448,0
0.006187477149069309,0
0.00620831036940217,0
0.006229143589735031,0
0.006249976810067892,0
0.006270810030400753,0
0.006291643250733614,0
0.006312476471066475,0
0.006333309691399336,0
0.006354142911732197,0
0.006374976132065058,0
0.006395809352397919,0
0.00641664257273078,0
0.006437475793063641,0
0.0064583090133965015,0
0.0064791422337293625,0
0.0064999754540622234,0
0.006520808674395084,0
0.006541641894727945,0
0.006562475115060806,0
0.006583308335393667,0
0.006604141555726528,0
0.006624974776059389,0
0.00664580799639225,0
0.006666641216725111,0
0.006687474437057972,0
0.006708307657390833,0
0.006729140877723694,0
0.006749974098056555,0
0.006770807318389416,0
0.006791640538722277,0
0.006812473759055138,0
0.006833306979387999,0
0.0068541401997208595,0
0.0068749734200537205,0
0.006895806640386581,0
0.006916639860719442,0
0.006937473081052303,0
0.006958306301385164,0
0.006979139521718025,0
0.006999972742050886,0
0.007020805962383747,0
0.007041639182716608,0
0.007062472403049469,0
0.00708330562338233,0
0.007104138843715191,0
0.007124972064048052,0
0.007145805284380913,0
0.007166638504713774,0
0.007187471725046635,0
0.007208304945379496,0
0.007229138165712357,0
0.0072499713860452175,0
0.0072708046063780785,0
0.007291637826710939,0
0.0073124710470438,0
0.007333304267376661,0
0.007354137487709522,0
0.007374970708042383,0
0.007395803928375244,0
0.007416637148708105,0
0.007437470369040966,0
0.007458303589373827,0
0.007479136809706688,0
0.007499970030039549,0
0.00752080325037241,0
0.007541636470705271,0
0.007562469691038132,0
0.007583302911370993,0
0.007604136131703854,0
0.0076249693520367146,0
0.0076458025723695755,0
0.0076666357927024364,0
0.007687469013035297,0
0.007708302233368158,0
0.007729135453701019,0
0.00774996867403388,0
0.007770801894366741,0
0.007791635114699602,0
0.007812468335032463,0
0.007833302021026611,0
0.00785413570702076,0
0.007874969393014908,0
0.007895803079009056,0
0.007916636765003204,0
0.007937470450997353,0
0.0079583041369915,0
0.007979137822985649,0
0.007999971508979797,0
0.008020805194973946,0
0.008041638880968094,0
0.008062472566962242,0
0.00808330625295639,0.00000000000000000000000000000000000000000000980908925027372
0.008104139938950539,0.00000000000000000000000000000000000000000002802596928649634
0.008124973624944687,0.000000000000000000000000000000000000000001286391990250182
0.008145807310938835,0.000000000000000000000000000000000000000002488706072640875
0.008166640996932983,0.00000000000000000000000000000000000000007729842588908556
0.008187474682927132,0.00000000000000000000000000000000000000015080633943217249
0.00820830836892128,0.000000000000000000000000000000000000004061913029972132
0.008229142054915428,0.000000000000000000000000000000000000007903504106293866
0.008249975740909576,0.00000000000000000000000000000000000018629061329635438
0.008270809426903725,0.00000000000000000000000000000000000036149043129424956
0.008291643112897873,0.000000000000000000000000000000000007516626305879893
0.008312476798892021,0.000000000000000000000000000000000014543146657779372
0.00833331048488617,0.00000000000000000000000000000000026864279532662153
0.008354144170880318,0.0000000000000000000000000000000005181458793924676
0.008374977856874466,0.000000000000000000000000000000008554968705376288
0.008395811542868614,0.000000000000000000000000000000016445409883081598
0.008416645228862762,0.0000000000000000000000000000002440115153521661
0.00843747891485691,0.0000000000000000000000000000004674025088022077
0.008458312600851059,0.0000000000000000000000000000062624786916893675
0.008479146286845207,0.000000000000000000000000000011950405085035797
0.008499979972839355,0.0000000000000000000000000001452112177986602
0.008520813658833504,0.00000000000000000000000000027598742214526793
0.008541647344827652,0.0000000000000000000000000030531977334734788
0.0085624810308218,0.000000000000000000000000005778169241360752
0.008583314716815948,0.00000000000000000000000005840220161941382
0.008604148402810097,0.00000000000000000000000011002694174947625
0.008624982088804245,0.0000000000000000000000010192891477883324
0.008645815774798393,0.0000000000000000000000019111106006369802
0.008666649460792542,0.000000000000000000000016274462376530007
0.00868748314678669,0.000000000000000000000030359362424528573
0.008708316832780838,0.0000000000000000000002382825929681388
0.008729150518774986,0.0000000000000000000004421286432547685
0.008749984204769135,0.0000000000000000000032061748744238015
0.008770817890763283,0.000000000000000000005915362430822768
0.008791651576757431,0.00000000000000000003972222114116794
0.00881248526275158,0.00000000000000000007284942173133008
0.008833318948745728,0.00000000000000000045393138776284215
0.008854152634739876,0.0000000000000000008272460632189959
0.008874986320734024,0.000000000000000004792246890588202
0.008895820006728172,0.00000000000000000867524858005199
0.00891665369272232,0.000000000000000046805002492243306
0.008937487378716469,0.00000000000000008413390329641793
0.008958321064710617,0.00000000000000042344315233765347
0.008979154750704765,0.0000000000000007555071727156513
0.008999988436698914,0.0000000000000035524790506741115
0.009020822122693062,0.000000000000006288666520848623
0.00904165580868721,0.00000000000002766471608544284
0.009062489494681358,0.00000000000004856740213449694
0.009083323180675507,0.00000000000020014629602098377
0.009104156866669655,0.0000000000003483006526423804
0.009124990552663803,0.000000000001346200711668799
0.009145824238657951,0.0000000000023210682507934788
0.0091666579246521,0.000000000008423154534975552
0.009187491610646248,0.000000000014381114354922175
0.009208325296640396,0.00000000004905131162358245
0.009229158982634544,0.00000000008288222885788343
0.009249992668628693,0.00000000026594701441062796
0.009270826354622841,0.0000000004444612455856145
0.00929166004061699,0.000000001342803979120788
0.009312493726611137,0.0000000022181709802282512
0.009333327412605286,0.000000006314735845336372
0.009354161098599434,0.000000010303251585241924
0.009374994784593582,0.000000027657943491021797
0.00939582847058773,0.000000044539383736719174
0.009416662156581879,0.00000011280994982598713
0.009437495842576027,0.00000017915023420300713
0.009458329528570175,0.00000042836904867726844
0.009479163214564323,0.0000006702583732476342
0.009499996900558472,0.000001513733877800405
0.00952083058655262,0.0000023313086785492487
0.009541664272546768,0.000004974971488991287
0.009562497958540916,0.000007533508778578835
0.009583331644535065,0.00001519552733952878
0.009604165330529213,0.000022597541828872636
0.009624999016523361,0.00004309412179281935
0.00964583270251751,0.00006285333074629307
0.009666666388511658,0.00011334421287756413
0.009687500074505806,0.0001618956885067746
0.009708333760499954,0.0002760961651802063
0.009729167446494102,0.00038557243533432484
0.00975000113248825,0.000621850835159421
0.009770834818482399,0.0008474889909848571
0.009791668504476547,0.0012925057671964169
0.009812502190470695,0.0017154065426439047
0.009833335876464844,0.0024734712205827236
0.009854169562458992,0.0031892135739326477
0.00987500324845314,0.00434662401676178
0.009895836934447289,0.005429659970104694
0.009916670620441437,0.0069924648851156235
0.009937504306435585,0.008435627445578575
0.009958337992429733,0.010261764749884605
0.009979171678423882,0.011912321671843529
0.01000000536441803,0.013685339130461216
0.010020839050412178,0.015224208123981953
0.010041672736406326,0.016520332545042038
0.010062506422400475,0.017533790320158005
0.010083340108394623,0.01799074374139309
0.010104173794388771,0.018139870837330818
0.01012500748038292,0.017652273178100586
0.010145841166377068,0.01686263456940651
0.010166674852371216,0.015666663646697998
0.010187508538365364,0.014202632009983063
0.010208342224359512,0.012751322239637375
0.01022917591035366,0.011081825941801071
0.010250009596347809,0.009763533249497414
0.010270843282341957,0.008278179913759232
0.010291676968336105,0.007180931977927685
0.010312510654330254,0.005960822105407715
0.010333344340324402,0.004878272768110037
0.01035417802631855,0.0037122564390301704
0.010375011712312698,0.0023898817598819733
0.010395845398306847,0.001026608981192112
0.010416679084300995,-0.0005710194818675518
0.010437512770295143,-0.0021588746458292007
0.010458346456289291,-0.0037974193692207336
0.01047918014228344,-0.005370980128645897
0.010500013828277588,-0.006739967502653599
0.010520847514271736,-0.007993637584149837
0.010541681200265884,-0.00894118845462799
0.010562514886260033,-0.009735733270645142
0.010583348572254181,-0.010316611267626286
0.01060418225824833,-0.010720958933234215
0.010625015944242477,-0.011029933579266071
0.010645849630236626,-0.011150202713906765
0.010666683316230774,-0.011135529726743698
0.010687517002224922,-0.010930325835943222
0.01070835068821907,-0.010412229225039482
0.010729184374213219,-0.009715959429740906
0.010750018060207367,-0.008619563654065132
0.010770851746201515,-0.007375695277005434
0.010791685432195663,-0.005916379392147064
0.010812519118189812,-0.004355810582637787
0.01083335280418396,-0.002903962042182684
0.010854186490178108,-0.0014024291886016726
0.010875020176172256,-0.00012043394963257015
0.010895853862166405,0.00116362061817199
0.010916687548160553,0.0024612578563392162
0.010937521234154701,0.0037167631089687347
0.01095835492014885,0.0052283527329564095
0.010979188606142998,0.006650489289313555
0.011000022292137146,0.008176902309060097
0.011020855978131294,0.00956341065466404
0.011041689664125443,0.010626465082168579
0.01106252335011959,0.011507678776979446
0.011083357036113739,0.011899556964635849
0.011104190722107887,0.012087821960449219
0.011125024408102036,0.012077592313289642
0.011145858094096184,0.011860713362693787
0.011166691780090332,0.011739008128643036
0.01118752546608448,0.011416442692279816
0.011208359152078629,0.011057029478251934
0.011229192838072777,0.010508425533771515
0.011250026524066925,0.00960281491279602
0.011270860210061073,0.00853290967643261
0.011291693896055222,0.007108710706233978
0.01131252758204937,0.005562870763242245
0.011333361268043518,0.00399003317579627
0.011354194954037666,0.0023489189334213734
0.011375028640031815,0.000879697676282376
0.011395862326025963,-0.0006045717746019363
0.011416696012020111,-0.0020358399488031864
0.01143752969801426,-0.0034322752617299557
0.011458363384008408,-0.004916473291814327
0.011479197070002556,-0.006316549610346556
0.011500030755996704,-0.0076974183320999146
0.011520864441990852,-0.008946551010012627
0.011541698127985,-0.009954355657100677
0.011562531813979149,-0.010791866108775139
0.011583365499973297,-0.01133318617939949
0.011604199185967445,-0.011680589988827705
0.011625032871961594,-0.011859836056828499
0.011645866557955742,-0.011836176738142967
0.01166670024394989,-0.011714414693415165
0.011687533929944038,-0.011392227374017239
0.011708367615938187,-0.01087364461272955
0.011729201301932335,-0.010168978944420815
0.011750034987926483,-0.009196590632200241
0.011770868673920631,-0.008066870272159576
0.01179170235991478,-0.006787407677620649
0.011812536045908928,-0.00539181474596262
0.011833369731903076,-0.003987560980021954
0.011854203417897224,-0.0025151148438453674
0.011875037103891373,-0.0010133757023140788
0.011895870789885521,0.0005057017551735044
0.01191670447587967,0.0020880033262073994
0.011937538161873817,0.0036345594562590122
0.011958371847867966,0.005121919326484203
0.011979205533862114,0.006521628238260746
0.012000039219856262,0.007743030786514282
0.01202087290585041,0.008831935934722424
0.012041706591844559,0.00977332517504692
0.012062540277838707,0.010547510348260403
0.012083373963832855,0.011191233992576599
0.012104207649827003,0.011643500998616219
0.012125041335821152,0.0118744857609272
0.0121458750218153,0.011902283877134323
0.012166708707809448,0.011683192104101181
0.012187542393803596,0.01126420684158802
0.012208376079797745,0.010677579790353775
0.012229209765791893,0.009908249601721764
0.012250043451786041,0.00899050198495388
0.01227087713778019,0.007918900810182095
0.012291710823774338,0.006673120893537998
0.012312544509768486,0.0053131189197301865
0.012333378195762634,0.0038456241600215435
0.012354211881756783,0.002312315395101905
0.01237504556775093,0.0007688280893489718
0.012395879253745079,-0.0007878043688833714
0.012416712939739227,-0.0023329537361860275
0.012437546625733376,-0.003838196862488985
0.012458380311727524,-0.005312570836395025
0.012479213997721672,-0.006696039345115423
0.01250004768371582,-0.007970004342496395
0.012520881369709969,-0.00910759624093771
0.012541715055704117,-0.010070287622511387
0.012562548741698265,-0.01086072064936161
0.012583382427692413,-0.011468663811683655
0.012604216113686562,-0.011880377307534218
0.01262504979968071,-0.012117461301386356
0.012645883485674858,-0.012147238478064537
0.012666717171669006,-0.01198265515267849
0.012687550857663155,-0.011613069102168083
0.012708384543657303,-0.01102334912866354
0.012729218229651451,-0.010245019569993019
0.0127500519156456,-0.00928663183003664
0.012770885601639748,-0.008169325068593025
0.012791719287633896,-0.006956127937883139
0.012812552973628044,-0.005623937584459782
0.012833386659622192,-0.004209168255329132
0.01285422034561634,-0.002722409786656499
0.012875054031610489,-0.0011466499418020248
0.012895887717604637,0.00044874718878418207
0.012916721403598785,0.0020245653577148914
0.012937555089592934,0.003565761726349592
0.012958388775587082,0.004984421655535698
0.01297922246158123,0.00631778733804822
0.013000056147575378,0.007560724392533302
0.013020889833569527,0.008674314245581627
0.013041723519563675,0.00968296267092228
0.013062557205557823,0.010525953024625778
0.013083390891551971,0.011138511821627617
0.01310422457754612,0.011560450308024883
0.013125058263540268,0.011742999777197838
0.013145891949534416,0.0117246238514781
0.013166725635528564,0.011553552001714706
0.013187559321522713,0.01118481531739235
0.013208393007516861,0.010630091652274132
0.01322922669351101,0.009893527254462242
0.013250060379505157,0.008925814181566238
0.013270894065499306,0.007805373519659042
0.013291727751493454,0.006552276201546192
0.013312561437487602,0.005187082104384899
0.01333339512348175,0.0037702254485338926
0.013354228809475899,0.002288850722834468
0.013375062495470047,0.0007402033661492169
0.013395896181464195,-0.0008210807573050261
0.013416729867458344,-0.0024060553405433893
0.013437563553452492,-0.003949851728975773
0.01345839723944664,-0.005408879369497299
0.013479230925440788,-0.006775372661650181
0.013500064611434937,-0.008013976737856865
0.013520898297429085,-0.009115475229918957
0.013541731983423233,-0.01009222399443388
0.013562565669417381,-0.010896341875195503
0.01358339935541153,-0.011535192839801311
0.013604233041405678,-0.011976665817201138
0.013625066727399826,-0.012196211144328117
0.013645900413393974,-0.012207085266709328
0.013666734099388123,-0.012006903067231178
0.01368756778538227,-0.011601261794567108
0.013708401471376419,-0.011033551767468452
0.013729235157370567,-0.010277030989527702
0.013750068843364716,-0.0093540633097291
0.013770902529358864,-0.008271005935966969
0.013791736215353012,-0.00702129490673542
0.01381256990134716,-0.00565148051828146
0.013833403587341309,-0.004204846918582916
0.013854237273335457,-0.0026863154489547014
0.013875070959329605,-0.0011588794877752662
0.013895904645323753,0.000388374668546021
0.013916738331317902,0.0019491442944854498
0.01393757201731205,0.0034765489399433136
0.013958405703306198,0.004952407442033291
0.013979239389300346,0.006343533284962177
0.014000073075294495,0.007582244463264942
0.014020906761288643,0.008691247552633286
0.014041740447282791,0.009648473002016544
0.01406257413327694,0.010440600104629993
0.014083407819271088,0.011078137904405594
0.014104241505265236,0.011526132002472878
0.014125075191259384,0.011747489683330059
0.014145908877253532,0.011767848394811153
0.01416674256324768,0.011562480591237545
0.014187576249241829,0.01115926168859005
0.014208409935235977,0.010585382580757141
0.014229243621230125,0.009830399416387081
0.014250077307224274,0.008899154141545296
0.014270910993218422,0.007815591990947723
0.01429174467921257,0.006567452102899551
0.014312578365206718,0.005206952802836895
0.014333412051200867,0.0037611285224556923
0.014354245737195015,0.002250966615974903
0.014375079423189163,0.000708047125954181
0.014395913109183311,-0.0008469679160043597
0.01441674679517746,-0.0024100602604448795
0.014437580481171608,-0.003931904677301645
0.014458414167165756,-0.0053994613699615
0.014479247853159904,-0.006774613633751869
0.014500081539154053,-0.008027175441384315
0.014520915225148201,-0.009142396971583366
0.01454174891114235,-0.010109009221196175
0.014562582597136497,-0.010902694426476955
0.014583416283130646,-0.01153118722140789
0.014604249969124794,-0.01196235977113247
0.014625083655118942,-0.012190897949039936
0.01464591734111309,-0.012210811488330364
0.014666751027107239,-0.01201758161187172
0.014687584713101387,-0.01161874271929264
0.014708418399095535,-0.01104113832116127
0.014729252085089684,-0.010274588130414486
0.014750085771083832,-0.00934546161442995
0.01477091945707798,-0.00825643539428711
0.014791753143072128,-0.007017128635197878
0.014812586829066277,-0.005657740868628025
0.014833420515060425,-0.0042142909951508045
0.014854254201054573,-0.0026987679302692413
0.014875087887048721,-0.001158112776465714
0.01489592157304287,0.00040233074105344713
0.014916755259037018,0.0019628198351711035
0.014937588945031166,0.0034897164441645145
0.014958422631025314,0.0049521299079060555
0.014979256317019463,0.006329787895083427
0.01500009000301361,0.00757597666233778
0.015020923689007759,0.008692558854818344
0.015041757375001907,0.009661426767706871
0.015062591060996056,0.010464947670698166
0.015083424746990204,0.01108969934284687
0.015104258432984352,0.011524751782417297
0.0151250921189785,0.011742254719138145
0.015145925804972649,0.01175883412361145
0.015166759490966797,0.01156895887106657
0.015187593176960945,0.011181165464222431
0.015208426862955093,0.010603521019220352
0.015229260548949242,0.00984436646103859
0.01525009423494339,0.008901804685592651
0.015270927920937538,0.007806937675923109
0.015291761606931686,0.006568978540599346
0.015312595292925835,0.005218620412051678
0.015333428978919983,0.003778231330215931
0.015354262664914131,0.0022731826175004244
0.01537509635090828,0.0007198764942586422
0.015395930036902428,-0.00084573874482885
0.015416763722896576,-0.002408200642094016
0.015437597408890724,-0.003929414786398411
0.015458431094884872,-0.005387844517827034
0.01547926478087902,-0.006754070520401001
0.015500098466873169,-0.008009800687432289
0.015520932152867317,-0.009128469042479992
0.015541765838861465,-0.01010194979608059
0.015562599524855614,-0.010902553796768188
0.015583433210849762,-0.011524728499352932
0.01560426689684391,-0.011949737556278706
0.01562510058283806,-0.01217258907854557
0.015645934268832207,-0.012187178246676922
0.015666767954826355,-0.012002769857645035
0.015687601640820503,-0.011612975969910622
0.01570843532681465,-0.011035061441361904
0.0157292690128088,-0.01026833150535822
0.015750102698802948,-0.009326704777777195
0.015770936384797096,-0.008225452154874802
0.015791770070791245,-0.006991048343479633
0.015812603756785393,-0.005637023597955704
0.01583343744277954,-0.004197645932435989
0.01585427112877369,-0.0026864390820264816
0.015875104814767838,-0.0011292346753180027
0.015895938500761986,0.0004473127191886306
0.015916772186756134,0.002010224387049675
0.015937605872750282,0.003538711927831173
0.01595843955874443,0.004995717201381922
0.01597927324473858,0.006367272697389126
0.016000106930732727,0.007629035972058773
0.016020940616726875,0.008760225959122181
0.016041774302721024,0.009734798222780228
0.016062607988715172,0.010542810894548893
0.01608344167470932,0.011158899404108524
0.01610427536070347,0.01158401183784008
0.016125109046697617,0.011808037757873535
0.016145942732691765,0.011830002069473267
0.016166776418685913,0.011641917750239372
0.01618761010468006,0.011254680342972279
0.01620844379067421,0.010664991103112698
0.016229277476668358,0.009892825037240982
0.016250111162662506,0.008948072791099548
0.016270944848656654,0.00785018503665924
0.016291778534650803,0.006609417498111725
0.01631261222064495,0.005255518481135368
0.0163334459066391,0.0038002158980816603
0.016354279592633247,0.002279828302562237
0.016375113278627396,0.0007100981893017888
0.016395946964621544,-0.0008718136814422905
0.016416780650615692,-0.0024547004140913486
0.01643761433660984,-0.003995543345808983
0.01645844802260399,-0.005481588654220104
0.016479281708598137,-0.006873785052448511
0.016500115394592285,-0.008153237402439117
0.016520949080586433,-0.009293228387832642
0.01654178276658058,-0.010267524980008602
0.01656261645257473,-0.011066170409321785
0.016583450138568878,-0.011646036058664322
0.016604283824563026,-0.012026566080749035
0.016625117510557175,-0.012146379798650742
0.016645951196551323,-0.012058332562446594
0.01666678488254547,-0.011683465912938118
0.01668761856853962,-0.011108692735433578
0.016708452254533768,-0.01024218276143074
0.016729285940527916,-0.009200438857078552
0.016750119626522064,-0.007899362593889236
0.016770953312516212,-0.006463155150413513
0.01679178699851036,-0.004835351835936308
0.01681262068450451,-0.0031247949227690697
0.016833454370498657,-0.0013239026302471757
0.016854288056492805,0.0004997350042685866
0.016875121742486954,0.0022955811582505703
0.016895955428481102,0.0040521868504583836
0.01691678911447525,0.0056860256008803844
0.0169376228004694,0.007222498767077923
0.016958456486463547,0.008580377325415611
0.016979290172457695,0.009791387245059013
0.017000123858451843,0.010815072804689407
0.01702095754444599,0.011653713881969452
0.01704179123044014,0.012331932783126831
0.017062624916434288,0.012799154967069626
0.017083458602428436,0.013117678463459015
0.017104292288422585,0.013211804442107677
0.017125125974416733,0.01314010564237833
0.01714595966041088,0.012843582779169083
0.01716679334640503,0.01235090009868145
0.017187627032399178,0.011646812781691551
0.017208460718393326,0.010718829929828644
0.017229294404387474,0.009607447311282158
0.017250128090381622,0.00829635001718998
0.01727096177637577,0.006843346171081066
0.01729179546236992,0.0052706338465213776
0.017312629148364067,0.003607769263908267
0.017333462834358215,0.0019109116401523352
0.017354296520352364,0.00018138610175810754
0.017375130206346512,-0.0015066447667777538
0.01739596389234066,-0.0031689926981925964
0.01741679757833481,-0.004741792567074299
0.017437631264328957,-0.006233494728803635
0.017458464950323105,-0.007614957168698311
0.017479298636317253,-0.00886615365743637
0.0175001323223114,-0.009968265891075134
0.01752096600830555,-0.010899713262915611
0.017541799694299698,-0.011631649918854237
0.017562633380293846,-0.012164530344307423
0.017583467066287994,-0.01246669515967369
0.017604300752282143,-0.012555573135614395
0.01762513443827629,-0.012400852516293526
0.01764596812427044,-0.012034009210765362
0.017666801810264587,-0.011441346257925034
0.017687635496258736,-0.010652903467416763
0.017708469182252884,-0.009676039218902588
0.017729302868247032,-0.008533557876944542
0.01775013655424118,-0.007231839932501316
0.01777097024023533,-0.005806340835988522
0.017791803926229477,-0.004256250336766243
0.017812637612223625,-0.0026333678979426622
0.017833471298217773,-0.0009358490351587534
0.01785430498421192,0.0007776191923767328
0.01787513867020607,0.0025063599459826946
0.017895972356200218,0.004192207008600235
0.017916806042194366,0.005826425738632679
0.017937639728188515,0.007361001335084438
0.017958473414182663,0.008782358840107918
0.01797930710017681,0.010053479112684727
0.01800014078617096,0.011163321323692799
0.018020974472165108,0.012082165107131004
0.018041808158159256,0.012808576226234436
0.018062641844153404,0.013315776363015175
0.018083475530147552,0.013615364208817482
0.0181043092161417,0.013681918382644653
0.01812514290213585,0.013532912358641624
0.018145976588129997,0.013152362778782845
0.018166810274124146,0.012564854696393013
0.018187643960118294,0.011762376874685287
0.018208477646112442,0.010776469483971596
0.01822931133210659,0.009606176987290382
0.01825014501810074,0.0082820700481534
0.018270978704094887,0.0068161943927407265
0.018291812390089035,0.005240647122263908
0.018312646076083183,0.003575409296900034
0.01833347976207733,0.0018454244127497077
0.01835431344807148,0.00008385226828977466
0.018375147134065628,-0.0016926759853959084
0.018395980820059776,-0.0034401910379529
0.018416814506053925,-0.005124368704855442
0.018437648192048073,-0.0067208753898739815
0.01845848187804222,-0.008182207122445107
0.01847931556403637,-0.009503517299890518
0.018500149250030518,-0.010645587928593159
0.018520982936024666,-0.01160553377121687
0.018541816622018814,-0.012353459373116493
0.018562650308012962,-0.012890052981674671
0.01858348399400711,-0.013202001340687275
0.01860431768000126,-0.01328801829367876
0.018625151365995407,-0.013144047930836678
0.018645985051989555,-0.012775115668773651
0.018666818737983704,-0.012177277356386185
0.018687652423977852,-0.011371053755283356
0.018708486109972,-0.010373779572546482
0.01872931979596615,-0.009199044667184353
0.018750153481960297,-0.007874242961406708
0.018770987167954445,-0.006414732895791531
0.018791820853948593,-0.004825327545404434
0.01881265453994274,-0.003153312485665083
0.01883348822593689,-0.0013908706605434418
0.018854321911931038,0.00039540696889162064
0.018875155597925186,0.002199680544435978
0.018895989283919334,0.003966257441788912
0.018916822969913483,0.005659541115164757
0.01893765665590763,0.007255930919200182
0.01895849034190178,0.008706016466021538
0.018979324027895927,0.010007115080952644
0.019000157713890076,0.011145394295454025
0.019020991399884224,0.01209297776222229
0.019041825085878372,0.012879306450486183
0.01906265877187252,0.013445286080241203
0.01908349245786667,0.013819808140397072
0.019104326143860817,0.013957864604890347
0.019125159829854965,0.013863259926438332
0.019145993515849113,0.013531483709812164
0.01916682720184326,0.01295982301235199
0.01918766088783741,0.01216641440987587
0.019208494573831558,0.011172914877533913
0.019229328259825706,0.009988216683268547
0.019250161945819855,0.008660949766635895
0.019270995631814003,0.007185465656220913
0.01929182931780815,0.0056206658482551575
0.0193126630038023,0.003959698602557182
0.019333496689796448,0.0022611396852880716
0.019354330375790596,0.0005239015445113182
0.019375164061784744,-0.0012019060086458921
0.019395997747778893,-0.0029071890749037266
0.01941683143377304,-0.004552420228719711
0.01943766511976719,-0.006119677796959877
0.019458498805761337,-0.007577502168715
0.019479332491755486,-0.008905714377760887
0.019500166177749634,-0.010066444054245949
0.019520999863743782,-0.01105489768087864
0.01954183354973793,-0.011802883818745613
0.01956266723573208,-0.012348895892500877
0.019583500921726227,-0.012613042257726192
0.019604334607720375,-0.012661362066864967
0.019625168293714523,-0.012442775070667267
0.01964600197970867,-0.012011300772428513
0.01966683566570282,-0.011342324316501617
0.019687669351696968,-0.0104793356731534
0.019708503037691116,-0.009402502328157425
0.019729336723685265,-0.00816483423113823
0.019750170409679413,-0.006723692640662193
0.01977100409567356,-0.005167513154447079
0.01979183778166771,-0.003417594125494361
0.019812671467661858,-0.0016091439174488187
0.019833505153656006,0.00033986620837822556
0.019854338839650154,0.0022831258829683065
0.019875172525644302,0.004283950664103031
0.01989600621163845,0.006211431231349707
0.0199168398976326,0.008104615844786167
0.019937673583626747,0.00985907856374979
0.019958507269620895,0.011468339711427689
0.019979340955615044,0.01288127712905407
0.020000174641609192,0.014053944498300552
0.02002100832760334,0.014986151829361916
0.02004184201359749,0.015620306134223938
0.020062675699591637,0.015987198799848557
0.020083509385585785,0.01602473109960556
0.020104343071579933,0.015788044780492783
0.02012517675757408,0.015231146477162838
0.02014601044356823,0.014413595199584961
0.020166844129562378,0.013324011117219925
0.020187677815556526,0.012006431818008423
0.020208511501550674,0.010496475733816624
0.020229345187544823,0.008806835860013962
0.02025017887353897,0.007024646736681461
0.02027101255953312,0.005122230388224125
0.020291846245527267,0.0032034534960985184
0.020312679931521416,0.0012297448702156544
0.020333513617515564,-0.0007222933927550912
0.020354347303509712,-0.002661922015249729
0.02037518098950386,-0.0045544663444161415
0.02039601467549801,-0.006369130685925484
0.020416848361492157,-0.008102104999125004
0.020437682047486305,-0.009696371853351593
0.020458515733480453,-0.011148007586598396
0.020479349419474602,-0.01240879762917757
0.02050018310546875,-0.013447366654872894
0.020521016791462898,-0.014255741611123085
0.020541850477457047,-0.01477675698697567
0.020562684163451195,-0.01504497043788433
0.020583517849445343,-0.015006523579359055
0.02060435153543949,-0.01471138559281826
0.02062518522143364,-0.01414114236831665
0.020646018907427788,-0.013329027220606804
0.020666852593421936,-0.012293022125959396
0.020687686279416084,-0.011046743020415306
0.020708519965410233,-0.00961938127875328
0.02072935365140438,-0.008027395233511925
0.02075018733739853,-0.0062835002318024635
0.020771021023392677,-0.0044319890439510345
0.020791854709386826,-0.0024656797759234905
0.020812688395380974,-0.0004569792654365301
0.020833522081375122,0.0015927458880469203
0.02085435576736927,0.003615286201238632
0.02087518945336342,0.005590345710515976
0.020896023139357567,0.007469736039638519
0.020916856825351715,0.009228839538991451
0.020937690511345863,0.010829937644302845
0.02095852419734001,0.012257345020771027
0.02097935788333416,0.013474913313984871
0.021000191569328308,0.014505913481116295
0.021021025255322456,0.015288662165403366
0.021041858941316605,0.015913749113678932
0.021062692627310753,0.01626645401120186
0.0210835263133049,0.016522251069545746
0.02110435999929905,0.016495373100042343
0.021125193685293198,0.016482066363096237
0.021146027371287346,0.016186755150556564
0.021166861057281494,0.01605389639735222
0.021187694743275642,0.015646496787667274
0.02120852842926979,0.015547487884759903
0.02122936211526394,0.015182620845735073
0.021250195801258087,0.015186087228357792
0.021271029487252235,0.01492977887392044
0.021291863173246384,0.014900842681527138
0.021312696859240532,0.014616819098591805
0.02133353054523468,0.014224047772586346
0.02135436423122883,0.01358767133206129
0.021375197917222977,0.012466184794902802
0.021396031603217125,0.01113120373338461
0.021416865289211273,0.00912052858620882
0.02143769897520542,0.0069537898525595665
0.02145853266119957,0.004306986927986145
0.021479366347193718,0.0015866064932197332
0.021500200033187866,-0.0010793423280119896
0.021521033719182014,-0.0037266951985657215
0.021541867405176163,-0.0057692332193255424
0.02156270109117031,-0.0077129448764026165
0.02158353477716446,-0.008786818943917751
0.021604368463158607,-0.009710419923067093
0.021625202149152756,-0.009823868982493877
0.021646035835146904,-0.009769145399332047
0.021666869521141052,-0.009117677807807922
0.0216877032071352,-0.00831020250916481
0.02170853689312935,-0.007176537066698074
0.021729370579123497,-0.005920169875025749
0.021750204265117645,-0.00471907714381814
0.021771037951111794,-0.003437449224293232
0.021791871637105942,-0.0026128138415515423
0.02181270532310009,-0.0017435841728001833
0.02183353900909424,-0.0014366143150255084
0.021854372695088387,-0.0011050183093175292
0.021875206381082535,-0.001013775123283267
0.021896040067076683,-0.0009050405351445079
0.02191687375307083,-0.0006490348605439067
0.02193770743906498,-0.0003817898395936936
0.021958541125059128,0.000048087676987051964
0.021979374811053276,0.00047707161866128445
0.022000208497047424,0.000825190101750195
0.022021042183041573,0.0011590681970119476
0.02204187586903572,0.0013334604445844889
0.02206270955502987,0.0014849882572889328
0.022083543241024017,0.0015716522466391325
0.022104376927018166,0.0016314812237396836
0.022125210613012314,0.001579113188199699
0.022146044299006462,0.0014995525125414133
0.02216687798500061,0.0011537870159372687
0.02218771167099476,0.0007881789933890104
0.022208545356988907,0.00021933171956334263
0.022229379042983055,-0.00035343284253031015
0.022250212728977203,-0.0008965065935626626
0.02227104641497135,-0.001424145419150591
0.0222918801009655,-0.0018723348621279001
0.022312713786959648,-0.002288299147039652
0.022333547472953796,-0.0028043428901582956
0.022354381158947945,-0.003272281028330326
0.022375214844942093,-0.0039710476994514465
0.02239604853093624,-0.004601842723786831
0.02241688221693039,-0.0053163617849349976
0.022437715902924538,-0.005940057337284088
0.022458549588918686,-0.006298898719251156
0.022479383274912834,-0.006550071761012077
0.022500216960906982,-0.00642536673694849
0.02252105064690113,-0.006190682761371136
0.02254188433289528,-0.005913840606808662
0.022562718018889427,-0.005535734351724386
0.022583551704883575,-0.005364098586142063
0.022604385390877724,-0.005100728943943977
0.022625219076871872,-0.004812648054212332
0.02264605276286602,-0.004442248493432999
0.02266688644886017,-0.003859960474073887
0.022687720134854317,-0.0032115275971591473
0.022708553820848465,-0.0025820329319685698
0.022729387506842613,-0.0019081495702266693
0.02275022119283676,-0.0013504261150956154
0.02277105487883091,-0.0007695154054090381
0.022791888564825058,-0.00006531027611345053
0.022812722250819206,0.0006400044658221304
0.022833555936813354,0.001455188961699605
0.022854389622807503,0.0022452478297054768
0.02287522330880165,0.0028891228139400482
0.0228960569947958,0.0034834034740924835
0.022916890680789948,0.003931453917175531
0.022937724366784096,0.0043121883645653725
0.022958558052778244,0.004609487485140562
0.022979391738772392,0.0048280442133545876
0.02300022542476654,0.004854146856814623
0.02302105911076069,0.004797269590198994
0.023041892796754837,0.004591501783579588
0.023062726482748985,0.004307227209210396
0.023083560168743134,0.004041572101414204
0.023104393854737282,0.0037067579105496407
0.02312522754073143,0.0033477023243904114
0.02314606122672558,0.002931412775069475
0.023166894912719727,0.0024123182520270348
0.023187728598713875,0.0018519747536629438
0.023208562284708023,0.0012873855885118246
0.02322939597070217,0.0007006574887782335
0.02325022965669632,0.00015491574595216662
0.023271063342690468,-0.0003936135326512158
0.023291897028684616,-0.0009685036493465304
0.023312730714678764,-0.001527073560282588
0.023333564400672913,-0.002109283348545432
0.02335439808666706,-0.002655323827639222
0.02337523177266121,-0.0032218927517533302
0.023396065458655357,-0.003733112011104822
0.023416899144649506,-0.004297345876693726
0.023437732830643654,-0.004787905141711235
0.023458566516637802,-0.0052726659923791885
0.02347940020263195,-0.005667100660502911
0.0235002338886261,-0.006044173613190651
0.023521067574620247,-0.006317880004644394
0.023541901260614395,-0.0066743697971105576
0.023562734946608543,-0.006916727405041456
0.02358356863260269,-0.007214725948870182
0.02360440231859684,-0.007389382924884558
0.023625236004590988,-0.007509942632168531
0.023646069690585136,-0.007502056658267975
0.023666903376579285,-0.007394060492515564
0.023687737062573433,-0.007159714587032795
0.02370857074856758,-0.006758430972695351
0.02372940443456173,-0.006241634488105774
0.023750238120555878,-0.0055830953642725945
0.023771071806550026,-0.00482897600159049
0.023791905492544174,-0.004064528271555901
0.023812739178538322,-0.0032303519546985626
0.02383357286453247,-0.0023474772460758686
0.02385440655052662,-0.0014243090990930796
0.023875240236520767,-0.0004394977877382189
0.023896073922514915,0.000552892335690558
0.023916907608509064,0.0013721317518502474
0.023937741294503212,0.002167707309126854
0.02395857498049736,0.0026984806172549725
0.02397940866649151,0.0031829862855374813
0.024000242352485657,0.0035479548387229443
0.024021076038479805,0.0038521396927535534
0.024041909724473953,0.0041311951354146
0.0240627434104681,0.004339515697211027
0.02408357709646225,0.004583518952131271
0.024104410782456398,0.004749095067381859
0.024125244468450546,0.004922549240291119
0.024146078154444695,0.005011747591197491
0.024166911840438843,0.004952169489115477
0.02418774552643299,0.004807915538549423
0.02420857921242714,0.004523566924035549
0.024229412898421288,0.00416195672005415
0.024250246584415436,0.0037551550194621086
0.024271080270409584,0.0032842406071722507
0.024291913956403732,0.0026959185488522053
0.02431274764239788,0.0020614301320165396
0.02433358132839203,0.0013392508262768388
0.024354415014386177,0.0005939801922068
0.024375248700380325,-0.00002279101317981258
0.024396082386374474,-0.0006393555086106062
0.024416916072368622,-0.0011203025933355093
0.02443774975836277,-0.0015820709522813559
0.02445858344435692,-0.0021137497387826443
0.024479417130351067,-0.0026092571206390858
0.024500250816345215,-0.003166250418871641
0.024521084502339363,-0.0036690449342131615
0.02454191818833351,-0.004029741510748863
0.02456275187432766,-0.00432145781815052
0.024583585560321808,-0.004491996485739946
0.024604419246315956,-0.004585670307278633
0.024625252932310104,-0.004670409485697746
0.024646086618304253,-0.0046750809997320175
0.0246669203042984,-0.004544096998870373
0.02468775399029255,-0.004335260018706322
0.024708587676286697,-0.0038929972797632217
0.024729421362280846,-0.0033841589465737343
0.024750255048274994,-0.0027227550745010376
0.024771088734269142,-0.002014988102018833
0.02479192242026329,-0.001263551414012909
0.02481275610625744,-0.0004907537950202823
0.024833589792251587,0.0002466663718223572
0.024854423478245735,0.0009798241080716252
0.024875257164239883,0.001692401827313006
0.02489609085023403,0.0023761391639709473
0.02491692453622818,0.003018296090885997
0.024937758222222328,0.003609023056924343
0.024958591908216476,0.0041697463020682335
0.024979425594210625,0.004659179598093033
0.025000259280204773,0.005226782523095608
0.02502109296619892,0.005704947747290134
0.02504192665219307,0.0061669363640248775
0.025062760338187218,0.006523451767861843
0.025083594024181366,0.006795232649892569
0.025104427710175514,0.00695074675604701
0.025125261396169662,0.0070542385801672935
0.02514609508216381,0.007036997936666012
0.02516692876815796,0.00694010267034173
0.025187762454152107,0.006724289618432522
0.025208596140146255,0.006560890935361385
0.025229429826140404,0.006285042501986027
0.025250263512134552,0.005999336019158363
0.0252710971981287,0.005610981024801731
0.02529193088412285,0.005030266009271145
0.025312764570116997,0.004363643936812878
0.025333598256111145,0.0036577535793185234
0.025354431942105293,0.002889595227316022
0.02537526562809944,0.0021665869280695915
0.02539609931409359,0.0014066195581108332
0.025416933000087738,0.0007117814384400845
0.025437766686081886,0.000004622794222086668
0.025458600372076035,-0.0005602907040156424
0.025479434058070183,-0.0011157679837197065
0.02550026774406433,-0.0015778032829985023
0.02552110143005848,-0.0020128837786614895
0.025541935116052628,-0.002398301847279072
0.025562768802046776,-0.0027427920140326023
0.025583602488040924,-0.003058129921555519
0.025604436174035072,-0.0033211163245141506
0.02562526986002922,-0.003537900745868683
0.02564610354602337,-0.0036941447760909796
0.025666937232017517,-0.003790802787989378
0.025687770918011665,-0.0038225529715418816
0.025708604604005814,-0.0037968652322888374
0.025729438289999962,-0.0037059916649013758
0.02575027197599411,-0.003536231815814972
0.02577110566198826,-0.0033057634718716145
0.025791939347982407,-0.002978317905217409
0.025812773033976555,-0.002599889412522316
0.025833606719970703,-0.002052094554528594
0.02585444040596485,-0.0014692851109430194
0.025875274091959,-0.0007973155006766319
0.025896107777953148,-0.00011186194024048746
0.025916941463947296,0.000502036651596427
0.025937775149941444,0.0011072626803070307
0.025958608835935593,0.0015964517369866371
0.02597944252192974,0.00205837469547987
0.02600027620792389,0.0023815890308469534
0.026021109893918037,0.00266414531506598
0.026041943579912186,0.002867661416530609
0.026062777265906334,0.0030221431516110897
0.026083610951900482,0.003194051329046488
0.02610444463789463,0.0033113693352788687
0.02612527832388878,0.003474063239991665
0.026146112009882927,0.0035774894058704376
0.026166945695877075,0.003620902309194207
0.026187779381871223,0.003602458629757166
0.02620861306786537,0.0034726057201623917
0.02622944675385952,0.003283337689936161
0.026250280439853668,0.0030083211604505777
0.026271114125847816,0.0026816516183316708
0.026291947811841965,0.0022428249940276146
0.026312781497836113,0.0017654120456427336
0.02633361518383026,0.0013049205299466848
0.02635444886982441,0.0008219958981499076
0.026375282555818558,0.00034832675009965897
0.026396116241812706,-0.0001311750093009323
0.026416949927806854,-0.0006724769482389092
0.026437783613801003,-0.001202066196128726
0.02645861729979515,-0.0016976217739284039
0.0264794509857893,-0.0021640209015458822
0.026500284671783447,-0.002630370669066906
0.026521118357777596,-0.003051741048693657
0.026541952043771744,-0.003458612132817507
0.026562785729765892,-0.0038062541279941797
0.02658361941576004,-0.004064416047185659
0.02660445310175419,-0.004253007005900145
0.026625286787748337,-0.004343977198004723
0.026646120473742485,-0.004360592924058437
0.026666954159736633,-0.00434565544128418
0.02668778784573078,-0.004256531596183777
0.02670862153172493,-0.004163643345236778
0.026729455217719078,-0.00399973476305604
0.026750288903713226,-0.0038076716009527445
0.026771122589707375,-0.0035505034029483795
0.026791956275701523,-0.0033114077523350716
0.02681278996169567,-0.003015486290678382
0.02683362364768982,-0.002632636809721589
0.026854457333683968,-0.0022044326178729534
0.026875291019678116,-0.0017311748815700412
0.026896124705672264,-0.0012281343806535006
0.026916958391666412,-0.0008385473629459739
0.02693779207766056,-0.00043467109207995236
0.02695862576365471,-0.00007975602056831121
0.026979459449648857,0.00027639701147563756
0.027000293135643005,0.0005859453231096268
0.027021126821637154,0.0008852854371070862
0.027041960507631302,0.001114220591261983
0.02706279419362545,0.0013240417465567589
0.0270836278796196,0.001573603367432952
0.027104461565613747,0.0017961973790079355
0.027125295251607895,0.002095603384077549
0.027146128937602043,0.0023591790813952684
0.02716696262359619,0.0025493374560028315
0.02718779630959034,0.002695847535505891
0.027208629995584488,0.002794089261442423
0.027229463681578636,0.002844632137566805
0.027250297367572784,0.0028864904306828976
0.027271131053566933,0.002879091538488865
0.02729196473956108,0.0028045757208019495
0.02731279842555523,0.0026821205392479897
0.027333632111549377,0.002615842968225479
0.027354465797543526,0.002504638396203518
0.027375299483537674,0.002406780607998371
0.027396133169531822,0.0022674803622066975
0.02741696685552597,0.002062611747533083
0.02743780054152012,0.00182226556353271
0.027458634227514267,0.0015558914747089148
0.027479467913508415,0.0012629373231902719
0.027500301599502563,0.0009385183220729232
0.02752113528549671,0.000598161481320858
0.02754196897149086,0.00023653381504118443
0.027562802657485008,-0.00012905204494018108
0.027583636343479156,-0.0004520176735240966
0.027604470029473305,-0.0007672132342122495
0.027625303715467453,-0.0010122299427166581
0.0276461374014616,-0.0012397950049489737
0.02766697108745575,-0.001468877773731947
0.027687804773449898,-0.0016728269401937723
0.027708638459444046,-0.00184916565194726
0.027729472145438194,-0.0019938573241233826
0.027750305831432343,-0.002159472554922104
0.02777113951742649,-0.002288330812007189
0.02779197320342064,-0.0024686637334525585
0.027812806889414787,-0.0026069586165249348
0.027833640575408936,-0.0026965877041220665
0.027854474261403084,-0.0027402087580412626
0.027875307947397232,-0.0027451273053884506
0.02789614163339138,-0.0027030599303543568
0.02791697531938553,-0.002623496111482382
0.027937809005379677,-0.0024988544173538685
0.027958642691373825,-0.0023151696659624577
0.027979476377367973,-0.002091779140755534
0.02800031006336212,-0.0018412340432405472
0.02802114374935627,-0.0015592403942719102
0.028041977435350418,-0.001281562726944685
0.028062811121344566,-0.0009820207487791777
0.028083644807338715,-0.0006260667578317225
0.028104478493332863,-0.00025946483947336674
0.02812531217932701,0.0001012682550936006
0.02814614586532116,0.0004603265260811895
0.028166979551315308,0.0007509265560656786
0.028187813237309456,0.0010285645257681608
0.028208646923303604,0.001259117154404521
0.028229480609297752,0.0014679381856694818
0.0282503142952919,0.001579036470502615
0.02827114798128605,0.0016630245372653008
0.028291981667280197,0.0017377487383782864
0.028312815353274345,0.0017828267300501466
0.028333649039268494,0.0018394002690911293
0.028354482725262642,0.0018647251417860389
0.02837531641125679,0.0018441062420606613
0.02839615009725094,0.0017920901300385594
0.028416983783245087,0.0016797619173303246
0.028437817469239235,0.0015386583982035518
0.028458651155233383,0.0013304406311362982
0.02847948484122753,0.0010994088370352983
0.02850031852722168,0.0008575819665566087
0.028521152213215828,0.0006009862408973277
0.028541985899209976,0.0003867475606966764
0.028562819585204124,0.00016592297470197082
0.028583653271198273,-0.00006183872028486803
0.02860448695719242,-0.00028852373361587524
0.02862532064318657,-0.0005568970227614045
0.028646154329180717,-0.0008159035351127386
0.028666988015174866,-0.0010420480975881219
0.028687821701169014,-0.0012503848411142826
0.028708655387163162,-0.0014434827025979757
0.02872948907315731,-0.001611851854249835
0.02875032275915146,-0.001699766144156456
0.028771156445145607,-0.001758409896865487
0.028791990131139755,-0.0017206518677994609
0.028812823817133904,-0.0016532965237274766
0.028833657503128052,-0.001598356175236404
0.0288544911891222,-0.00151617091614753
0.02887532487511635,-0.0014053020859137177
0.028896158561110497,-0.0012705483241006732
0.028916992247104645,-0.0010992151219397783
0.028937825933098793,-0.0009091838728636503
0.02895865961909294,-0.0006862275185994804
0.02897949330508709,-0.0004515519831329584
0.029000326991081238,-0.0001176327932626009
0.029021160677075386,0.00021826030570082366
0.029041994363069534,0.000575068115722388
0.029062828049063683,0.0009220397332683206
0.02908366173505783,0.0011841473169624805
0.02910449542105198,0.0014260363532230258
0.029125329107046127,0.001677622552961111
0.029146162793040276,0.001900607836432755
0.029166996479034424,0.002096668817102909
0.029187830165028572,0.0022569983266294003
0.02920866385102272,0.002366776345297694
0.02922949753701687,0.0024361941032111645
0.029250331223011017,0.0025757041294127703
0.029271164909005165,0.002671049442142248
0.029291998594999313,0.0027233269065618515
0.02931283228099346,0.0027288654819130898
0.02933366596698761,0.002607909496873617
0.029354499652981758,0.002442194614559412
0.029375333338975906,0.002222348703071475
0.029396167024970055,0.0019644892308861017
0.029417000710964203,0.0016587335849180818
0.02943783439695835,0.0013247095048427582
0.0294586680829525,0.0010069041745737195
0.029479501768946648,0.0006720106466673315
0.029500335454940796,0.00037045954377390444
0.029521169140934944,0.00006261568341869861
0.029542002826929092,-0.0003258537035435438
0.02956283651292324,-0.0007086903788149357
0.02958367019891739,-0.0010571989696472883
0.029604503884911537,-0.0013876305893063545
0.029625337570905685,-0.0016557436902076006
0.029646171256899834,-0.0018954877741634846
0.029667004942893982,-0.0021992430556565523
0.02968783862888813,-0.0024654902517795563
0.02970867231488228,-0.002671929309144616
0.029729506000876427,-0.002832840196788311
0.029750339686870575,-0.0028895570430904627
0.029771173372864723,-0.002896900288760662
0.02979200705885887,-0.0029124836437404156
0.02981284074485302,-0.0028781930450350046
0.029833674430847168,-0.0028474796563386917
0.029854508116841316,-0.0027678771875798702
0.029875341802835464,-0.002693323651328683
0.029896175488829613,-0.0025724703446030617
0.02991700917482376,-0.0024315915070474148
0.02993784286081791,-0.0022490425035357475
0.029958676546812057,-0.0019452533451840281
0.029979510232806206,-0.0016082661459222436
0.030000343918800354,-0.001255889656022191
0.030021177604794502,-0.0008821043884381652
0.03004201129078865,-0.0005466890288516879
0.0300628449767828,-0.0002019488310907036
0.030083678662776947,0.00011436222121119499
0.030104512348771095,0.00042873475467786193
0.030125346034765244,0.000678446376696229
0.030146179720759392,0.000916465069167316
0.03016701340675354,0.001203677849844098
0.03018784709274769,0.0014701677719131112
0.030208680778741837,0.0017702560871839523
0.030229514464735985,0.0020400527864694595
0.030250348150730133,0.002219871850684285
0.03027118183672428,0.002361847087740898
0.03029201552271843,0.002484885510057211
0.030312849208712578,0.0025655729696154594
0.030333682894706726,0.0026407288387417793
0.030354516580700874,0.002670679707080126
0.030375350266695023,0.0025704759173095226
0.03039618395268917,0.0024261283688247204
0.03041701763868332,0.0022378640715032816
0.030437851324677467,0.0020112060010433197
0.030458685010671616,0.0017467235447838902
0.030479518696665764,0.0014523733407258987
0.030500352382659912,0.001086079515516758
0.03052118606865406,0.0007013700087554753
0.03054201975464821,0.000327015935909003
0.030562853440642357,-0.000052963063353672624
0.030583687126636505,-0.0004874604637734592
0.030604520812630653,-0.0009137662127614021
0.0306253544986248,-0.0013855996076017618
0.03064618818461895,-0.001833903370425105
0.030667021870613098,-0.002227003686130047
0.030687855556607246,-0.0025820424780249596
0.030708689242601395,-0.002909102477133274
0.030729522928595543,-0.003186234040185809
0.03075035661458969,-0.0034407777711749077
0.03077119030058384,-0.0036362879909574986
0.030792023986577988,-0.0037747244350612164
0.030812857672572136,-0.0038485671393573284
0.030833691358566284,-0.003913539461791515
0.030854525044560432,-0.003911498934030533
0.03087535873055458,-0.003820470767095685
0.03089619241654873,-0.003664069576188922
0.030917026102542877,-0.0034185335971415043
0.030937859788537025,-0.003114440944045782
0.030958693474531174,-0.0028107771649956703
0.030979527160525322,-0.00245904759503901
0.03100036084651947,-0.002050678711384535
0.03102119453251362,-0.0016072836006060243
0.031042028218507767,-0.0011547933099791408
0.031062861904501915,-0.000682698329910636
0.031083695590496063,-0.0002511788043193519
0.03110452927649021,0.00018465440371073782
0.03112536296248436,0.0006532309926114976
0.031146196648478508,0.0011107150930911303
0.031167030334472656,0.001560773467645049
0.031187864020466805,0.0019842213951051235
0.031208697706460953,0.002365000545978546
0.0312295313924551,0.002705412218347192
0.03125036507844925,0.0030427309684455395
0.03127119690179825,0.0033280840143561363
0.03129202872514725,0.003525008447468281
0.031312860548496246,0.003661718685179949
0.031333692371845245,0.0037130452692508698
0.031354524195194244,0.003700802568346262
0.03137535601854324,0.0036726673133671284
0.03139618784189224,0.003581605851650238
0.03141701966524124,0.0034352331422269344
0.03143785148859024,0.0032298951409757137
0.03145868331193924,0.002986887004226446
0.03147951513528824,0.0026928195729851723
0.03150034695863724,0.0024002441205084324
0.03152117878198624,0.0020666124764829874
0.031542010605335236,0.0016935281455516815
0.031562842428684235,0.0012915140250697732
0.031583674252033234,0.0008722650818526745
0.03160450607538223,0.0004380769096314907
0.03162533789873123,0.0000007817070581950247
0.03164616972208023,-0.00043664369150064886
0.03166700154542923,-0.0008896246436052024
0.03168783336877823,-0.0013272053329274058
0.03170866519212723,-0.0017279214225709438
0.03172949701547623,-0.0020989556796848774
0.031750328838825226,-0.002405870705842972
0.031771160662174225,-0.0026715530548244715
0.031791992485523224,-0.0028713266365230083
0.03181282430887222,-0.0030221114866435528
0.03183365613222122,-0.0030956973787397146
0.03185448795557022,-0.003116233740001917
0.03187531977891922,-0.0030464506708085537
0.03189615160226822,-0.002924526110291481
0.03191698342561722,-0.002712012268602848
0.03193781524896622,-0.002453041961416602
0.031958647072315216,-0.002114475704729557
0.031979478895664215,-0.0017397420015186071
0.032000310719013214,-0.0013419317547231913
0.03202114254236221,-0.0009211529977619648
0.03204197436571121,-0.00047354077105410397
0.03206280618906021,-0.000017707934603095055
0.03208363801240921,0.0004474041343200952
0.03210446983575821,0.000905047869309783
0.03212530165910721,0.001341970288194716
0.03214613348245621,0.0017560012638568878
0.032166965305805206,0.002154567511752248
0.032187797129154205,0.002516342094168067
0.032208628952503204,0.002834856044501066
0.0322294607758522,0.003104738425463438
0.0322502925992012,0.0033266334794461727
0.0322711244225502,0.003491555340588093
0.0322919562458992,0.0036216890439391136
0.0323127880692482,0.0036897538229823112
0.0323336198925972,0.00368269020691514
0.0323544517159462,0.003612503409385681
0.0323752835392952,0.0034430483356118202
0.032396115362644196,0.003214716911315918
0.032416947185993195,0.0029568071477115154
0.032437779009342194,0.002648483496159315
0.03245861083269119,0.0022891450207680464
0.03247944265604019,0.0018907098565250635
0.03250027447938919,0.0014375998871400952
0.03252110630273819,0.0009599409531801939
0.03254193812608719,0.00045798125211149454
0.03256276994943619,-0.00005167501512914896
0.03258360177278519,-0.0005755616584792733
0.032604433596134186,-0.0010896020103245974
0.032625265419483185,-0.001595992362126708
0.032646097242832184,-0.0020753112621605396
0.03266692906618118,-0.0025204168632626534
0.03268776088953018,-0.002922617830336094
0.03270859271287918,-0.003307744162157178
0.03272942453622818,-0.003636348992586136
0.03275025635957718,-0.003929192200303078
0.03277108818292618,-0.004154756665229797
0.03279192000627518,-0.004317854531109333
0.032812751829624176,-0.004406929947435856
0.032833583652973175,-0.004460024181753397
0.032854415476322174,-0.004436786286532879
0.03287524729967117,-0.0043380968272686005
0.03289607912302017,-0.004165239632129669
0.03291691094636917,-0.003925035707652569
0.03293774276971817,-0.0036176606081426144
0.03295857459306717,-0.0032675396651029587
0.03297940641641617,-0.0028614471666514874
0.03300023823976517,-0.0024031333159655333
0.033021070063114166,-0.0019038321916013956
0.033041901886463165,-0.0013809669762849808
0.033062733709812164,-0.0008346742251887918
0.03308356553316116,-0.0003228460263926536
0.03310439735651016,0.00019430182874202728
0.03312522917985916,0.0007107736892066896
0.03314606100320816,0.0012149913236498833
0.03316689282655716,0.0016787832137197256
0.03318772464990616,0.002113905269652605
0.03320855647325516,0.0024814684875309467
0.033229388296604156,0.0028067557141184807
0.033250220119953156,0.0031098895706236362
0.033271051943302155,0.003359869820997119
0.033291883766651154,0.0035434660967439413
0.03331271559000015,0.0036663415376096964
0.03333354741334915,0.003697664011269808
0.03335437923669815,0.003665553405880928
0.03337521106004715,0.0035774926654994488
0.03339604288339615,0.003428150899708271
0.03341687470674515,0.003210801864042878
0.03343770653009415,0.002938483841717243
0.033458538353443146,0.002597289625555277
0.033479370176792145,0.0022115688771009445
0.033500202000141144,0.0017917761579155922
0.03352103382349014,0.0013411868130788207
0.03354186564683914,0.0008314443402923644
0.03356269747018814,0.00030736339977011085
0.03358352929353714,-0.00023191719083115458
0.03360436111688614,-0.0007671593339182436
0.03362519294023514,-0.0012827606406062841
0.03364602476358414,-0.001776218879967928
0.033666856586933136,-0.002224717754870653
0.033687688410282135,-0.0026350351981818676
0.033708520233631134,-0.0029788161627948284
0.03372935205698013,-0.0032717050053179264
0.03375018388032913,-0.0035122577100992203
0.03377101570367813,-0.0036928821355104446
0.03379184752702713,-0.0038445056416094303
0.03381267935037613,-0.003930380567908287
0.03383351117372513,-0.00398263381794095
0.03385434299707413,-0.003966730087995529
0.033875174820423126,-0.0039180126041173935
0.033896006643772125,-0.003802236169576645
0.033916838467121124,-0.0036221297923475504
0.03393767029047012,-0.0033801631070673466
0.03395850211381912,-0.0030752879101783037
0.03397933393716812,-0.002717840252444148
0.03400016576051712,-0.0023297686129808426
0.03402099758386612,-0.001901782932691276
0.03404182940721512,-0.0014232979156076908
0.03406266123056412,-0.0009202581131830812
0.034083493053913116,-0.00040600524516776204
0.034104324877262115,0.00011519505642354488
0.034125156700611115,0.0006341205444186926
0.034145988523960114,0.0011420964729040861
0.03416682034730911,0.0016906189266592264
0.03418765217065811,0.0022100345231592655
0.03420848399400711,0.0027659593615680933
0.03422931581735611,0.0032746244687587023
0.03425014764070511,0.0037601320073008537
0.03427097946405411,0.004181390628218651
0.03429181128740311,0.004542626440525055
0.034312643110752106,0.004826202988624573
0.034333474934101105,0.004984185099601746
0.034354306757450104,0.005057027563452721
0.0343751385807991,0.004993604030460119
0.0343959704041481,0.004844830371439457
0.0344168022274971,0.0045682406052947044
0.0344376340508461,0.004213481675833464
0.0344584658741951,0.0037443130277097225
0.0344792976975441,0.0032110470347106457
0.0345001295208931,0.0025667683221399784
0.034520961344242096,0.0018785465508699417
0.034541793167591095,0.001089716563001275
0.034562624990940094,0.00028207802097313106
0.03458345681428909,-0.0005547910113818944
0.03460428863763809,-0.0013823930639773607
0.03462512046098709,-0.002165514510124922
0.03464595228433609,-0.0029116529040038586
0.03466678410768509,-0.003589546773582697
0.03468761593103409,-0.004205883946269751
0.03470844775438309,-0.004731808323413134
0.034729279577732086,-0.005176454316824675
0.034750111401081085,-0.005541105754673481
0.034770943224430084,-0.005810738541185856
0.03479177504777908,-0.006040151230990887
0.03481260687112808,-0.006166200619190931
0.03483343869447708,-0.006204220931977034
0.03485427051782608,-0.006136312149465084
0.03487510234117508,-0.005961147136986256
0.03489593416452408,-0.005684075877070427
0.03491676598787308,-0.0052907937206327915
0.034937597811222076,-0.004806951619684696
0.034958429634571075,-0.004210930783301592
0.034979261457920074,-0.003542892634868622
0.035000093281269073,-0.0028090861160308123
0.03502092510461807,-0.002027308801189065
0.03504175692796707,-0.0012544314377009869
0.03506258875131607,-0.00046014750842005014
0.03508342057466507,0.0003014376270584762
0.03510425239801407,0.001058070221915841
0.03512508422136307,0.0017760382033884525
0.03514591604471207,0.002463916316628456
0.035166747868061066,0.003115041647106409
0.035187579691410065,0.0037128948606550694
0.035208411514759064,0.004231147468090057
0.03522924333810806,0.004676859825849533
0.03525007516145706,0.005025744438171387
0.03527090698480606,0.005288560874760151
0.03529173880815506,0.005453301128000021
0.03531257063150406,0.005524704698473215
0.03533340245485306,0.005480369087308645
0.03535423427820206,0.005342315882444382
0.035375066101551056,0.005119576118886471
0.035395897924900055,0.004809366539120674
0.035416729748249054,0.004406524822115898
0.03543756157159805,0.003928343765437603
0.03545839339494705,0.0033262232318520546
0.03547922521829605,0.002667270600795746
0.03550005704164505,0.0019188530277460814
0.03552088886499405,0.0011377049377188087
0.03554172068834305,0.0003123661153949797
0.03556255251169205,-0.0005183173343539238
0.035583384335041046,-0.001365914475172758
0.035604216158390045,-0.0021901410073041916
0.035625047981739044,-0.002969450084492564
0.03564587980508804,-0.0036979480646550655
0.03566671162843704,-0.004397699609398842
0.03568754345178604,-0.0050222864374518394
0.03570837527513504,-0.00561322458088398
0.03572920709848404,-0.00610827561467886
0.03575003892183304,-0.00654540304094553
0.03577087074518204,-0.006870531942695379
0.035791702568531036,-0.007110445760190487
0.035812534391880035,-0.007228674367070198
0.035833366215229034,-0.007229841314256191
0.03585419803857803,-0.0071071600541472435
0.03587502986192703,-0.006874938495457172
0.03589586168527603,-0.006525047123432159
0.03591669350862503,-0.006106576882302761
0.03593752533197403,-0.005583496764302254
0.03595835715532303,-0.004997840151190758
0.03597918897867203,-0.0043265740387141705
0.03600002080202103,-0.0036231856793165207
0.036020852625370026,-0.0028577023185789585
0.036041684448719025,-0.002059068763628602
0.036062516272068024,-0.0012252283049747348
0.03608334809541702,-0.00037181301740929484
0.03610417991876602,0.0004877867177128792
0.03612501174211502,0.0012995548313483596
0.03614584356546402,0.002088821493089199
0.03616667538881302,0.0028150295838713646
0.03618750721216202,0.0034931106492877007
0.03620833903551102,0.004078192636370659
0.036229170858860016,0.004593637306243181
0.036250002682209015,0.004995047580450773
0.036270834505558014,0.005311056040227413
0.03629166632890701,0.005540590733289719
0.03631249815225601,0.005675360094755888
0.03633332997560501,0.005726839415729046
0.03635416179895401,0.005680288653820753
0.03637499362230301,0.005548157729208469
0.03639582544565201,0.005321125034242868
0.03641665726900101,0.00502121914178133
0.036437489092350006,0.004635301884263754
0.036458320915699005,0.004139394499361515
0.036479152739048004,0.003572472371160984
0.036499984562397,0.0029456871561706066
0.036520816385746,0.002268318086862564
0.036541648209095,0.0015583040658384562
0.036562480032444,0.0008215814596042037
0.036583311855793,0.0000523122726008296
0.036604143679142,-0.0007176732178777456
0.036624975502491,-0.001479227328673005
0.036645807325839996,-0.0022152948658913374
0.036666639149188995,-0.0029183647129684687
0.036687470972537994,-0.0035712984390556812
0.03670830279588699,-0.004181405529379845
0.03672913461923599,-0.0047199358232319355
0.03674996644258499,-0.005178587976843119
0.03677079826593399,-0.005548863671720028
0.03679163008928299,-0.005847799591720104
0.03681246191263199,-0.006046939641237259
0.03683329373598099,-0.006140486337244511
0.03685412555932999,-0.006129098124802113
0.036874957382678986,-0.00600085686892271
0.036895789206027985,-0.005769914947450161
0.036916621029376984,-0.005470716394484043
0.03693745285272598,-0.005077889189124107
0.03695828467607498,-0.00461878627538681
0.03697911649942398,-0.004080615006387234
0.03699994832277298,-0.0034864568151533604
0.03702078014612198,-0.0028326415922492743
0.03704161196947098,-0.002132570371031761
0.03706244379281998,-0.001395886647514999
0.037083275616168976,-0.0006254414329305291
0.037104107439517975,0.00015575450379401445
0.037124939262866974,0.0009294378105551004
0.03714577108621597,0.0016871970146894455
0.03716660290956497,0.0023985239677131176
0.03718743473291397,0.0030686042737215757
0.03720826655626297,0.0036558546125888824
0.03722909837961197,0.004180345218628645
0.03724993020296097,0.004580676089972258
0.03727076202630997,0.004902679473161697
0.037291593849658966,0.005144879221916199
0.037312425673007965,0.005299105308949947
0.037333257496356964,0.00537123903632164
0.03735408931970596,0.005351465195417404
0.03737492114305496,0.00524252001196146
0.03739575296640396,0.005043921992182732
0.03741658478975296,0.0047560641542077065
0.03743741661310196,0.004386738874018192
0.03745824843645096,0.003918331582099199
0.03747908025979996,0.0033828201703727245
0.037499912083148956,0.002766869030892849
0.037520743906497955,0.002103599952533841
0.037541575729846954,0.0014027832075953484
0.03756240755319595,0.0006778266979381442
0.03758323937654495,-0.0000596093013882637
0.03760407119989395,-0.0007961045484989882
0.03762490302324295,-0.001489862217567861
0.03764573484659195,-0.002158096292987466
0.03766656666994095,-0.002786069642752409
0.03768739849328995,-0.0033663692884147167
0.03770823031663895,-0.003911002539098263
0.037729062139987946,-0.004388593137264252
0.037749893963336945,-0.004790515173226595
0.037770725786685944,-0.0051104044541716576
0.03779155761003494,-0.005347784608602524
0.03781238943338394,-0.0054936157539486885
0.03783322125673294,-0.005532523151487112
0.03785405308008194,-0.005476673133671284
0.03787488490343094,-0.005293180234730244
0.03789571672677994,-0.005019152536988258
0.03791654855012894,-0.00465009780600667
0.037937380373477936,-0.004201550967991352
0.037958212196826935,-0.003701338078826666
0.037979044020175934,-0.0031378581188619137
0.03799987584352493,-0.0025533013977110386
0.03802070766687393,-0.0019251815974712372
0.03804153949022293,-0.0013064704835414886
0.03806237131357193,-0.0006655148463323712
0.03808320313692093,-0.000019255647202953696
0.03810403496026993,0.0006273805629462004
0.03812486678361893,0.0012600987683981657
0.038145698606967926,0.001871462445706129
0.038166530430316925,0.0024391189217567444
0.038187362253665924,0.002965313848108053
0.03820819407701492,0.003412726102396846
0.03822902590036392,0.003801885060966015
0.03824985772371292,0.004096627701073885
0.03827068954706192,0.004321111366152763
0.03829152137041092,0.00443288404494524
0.03831235319375992,0.004468626342713833
0.03833318501710892,0.004396351985633373
0.038354016840457916,0.004248871002346277
0.038374848663806915,0.004005276132375002
0.038395680487155914,0.00369313545525074
0.03841651231050491,0.003302815370261669
0.03843734413385391,0.0028559588827192783
0.03845817595720291,0.00234019011259079
0.03847900778055191,0.0017844762187451124
0.03849983960390091,0.0011866374406963587
0.03852067142724991,0.0005686230724677444
0.03854150325059891,-0.00009102837066166103
0.038562335073947906,-0.0007488842820748687
0.038583166897296906,-0.0014209478395059705
0.038603998720645905,-0.002068585716187954
0.038624830543994904,-0.0026715542189776897
0.0386456623673439,-0.0032289675436913967
0.0386664941906929,-0.0037435507401823997
0.0386873260140419,-0.004194177221506834
0.0387081578373909,-0.004609004128724337
0.0387289896607399,-0.004945121705532074
0.0387498214840889,-0.005199183709919453
0.0387706533074379,-0.0053642867133021355
0.038791485130786896,-0.005428812932223082
0.038812316954135895,-0.005400285590440035
0.038833148777484894,-0.005283716134727001
0.03885398060083389,-0.0050765518099069595
0.03887481242418289,-0.004763703793287277
0.03889564424753189,-0.004369175061583519
0.03891647607088089,-0.003885738318786025
0.03893730789422989,-0.0033356952480971813
0.03895813971757889,-0.002726681064814329
0.03897897154092789,-0.00207108398899436
0.038999803364276886,-0.001391835161484778
0.039020635187625885,-0.0006887962808832526
0.039041467010974884,0.000007982482202351093
0.03906229883432388,0.0007045728852972388
0.03908313065767288,0.0013768535573035479
0.03910396248102188,0.002025483176112175
0.03912479430437088,0.0026470408774912357
0.03914562612771988,0.003223222680389881
0.03916645795106888,0.0037377099506556988
0.03918728977441788,0.004188124556094408
0.039208121597766876,0.0045791384764015675
0.039228953421115875,0.004891910590231419
0.039249785244464874,0.005142064765095711
0.03927061706781387,0.005304400809109211
0.03929144889116287,0.00538253877311945
0.03931228071451187,0.005368667654693127
0.03933311253786087,0.005271516274660826
0.03935394436120987,0.0050841509364545345
0.03937477618455887,0.00482648191973567
0.03939560800790787,0.004486238583922386
0.039416439831256866,0.004052440635859966
0.039437271654605865,0.00354936346411705
0.039458103477954865,0.0029706605710089207
0.039478935301303864,0.0023411407601088285
0.03949976712465286,0.0016815145500004292
0.03952059894800186,0.0009930930100381374
0.03954143077135086,0.0002953177900053561
0.03956226259469986,-0.00040764210280030966
0.03958309441804886,-0.0010993825271725655
0.03960392624139786,-0.001772293820977211
0.03962475806474686,-0.0023807650431990623
0.039645589888095856,-0.002948351204395294
0.039666421711444855,-0.003431024495512247
0.039687253534793854,-0.0038549823220819235
0.03970808535814285,-0.0042187427170574665
0.03972891718149185,-0.0045102620497345924
0.03974974900484085,-0.0047259083949029446
0.03977058082818985,-0.004860743414610624
0.03979141265153885,-0.004907716531306505
0.03981224447488785,-0.004870765842497349
0.03983307629823685,-0.0047571053728461266
0.039853908121585846,-0.004562158137559891
0.039874739944934845,-0.004270445555448532
0.039895571768283844,-0.0039057405665516853
0.03991640359163284,-0.003452649340033531
0.03993723541498184,-0.0029405434615910053
0.03995806723833084,-0.0023885720875114202
0.03997889906167984,-0.0017957242671400309
0.03999973088502884,-0.00115190539509058
0.04002056270837784,-0.000488283287268132
0.04004139453172684,0.00020927585137542337
0.040062226355075836,0.0009033335372805595
0.040083058178424835,0.0015999468741938472
0.040103890001773834,0.002269433345645666
0.04012472182512283,0.002930400427430868
0.04014555364847183,0.0035413510631769896
0.04016638547182083,0.004108062479645014
0.04018721729516983,0.004604274407029152
0.04020804911851883,0.00502793351188302
0.04022888094186783,0.005365252494812012
0.04024971276521683,0.00563017325475812
0.040270544588565826,0.005798587575554848
0.040291376411914825,0.005866480991244316
0.040312208235263824,0.0058339908719062805
0.040333040058612823,0.005705064628273249
0.04035387188196182,0.00547864381223917
0.04037470370531082,0.005158735439181328
0.04039553552865982,0.004750534892082214
0.04041636735200882,0.004246966913342476
0.04043719917535782,0.0036707832477986813
0.04045803099870682,0.0030286950059235096
0.04047886282205582,0.0023348648101091385
0.040499694645404816,0.001616030465811491
0.040520526468753815,0.0008696672157384455
0.040541358292102814,0.00012532476102933288
0.04056219011545181,-0.0006211476284079254
0.04058302193880081,-0.001332558924332261
0.04060385376214981,-0.0020214212127029896
0.04062468558549881,-0.002651637652888894
0.04064551740884781,-0.003236725926399231
0.04066634923219681,-0.0037615536712110043
0.04068718105554581,-0.0042221746407449245
0.040708012878894806,-0.004640304483473301
0.040728844702243805,-0.00497889518737793
0.040749676525592804,-0.005262518301606178
0.0407705083489418,-0.005455879494547844
0.0407913401722908,-0.0055839065462350845
0.0408121719956398,-0.005616278853267431
0.0408330038189888,-0.005572601221501827
0.0408538356423378,-0.005433587357401848
0.0408746674656868,-0.005183900240808725
0.0408954992890358,-0.004845616407692432
0.040916331112384796,-0.004417526535689831
0.040937162935733795,-0.003913925029337406
0.040957994759082794,-0.0033576632849872112
0.04097882658243179,-0.0027441028505563736
0.04099965840578079,-0.0020730376709252596
0.04102049022912979,-0.001366649055853486
0.04104132205247879,-0.0006311365286819637
0.04106215387582779,0.0001151851611211896
0.04108298569917679,0.0008564919698983431
0.04110381752252579,0.0015832497738301754
0.041124649345874786,0.002286478877067566
0.041145481169223785,0.002950743306428194
0.041166312992572784,0.003539656288921833
0.04118714481592178,0.004068166948854923
0.04120797663927078,0.004504100419580936
0.04122880846261978,0.004863150417804718
0.04124964028596878,0.0051298802718520164
0.04127047210931778,0.005308966152369976
0.04129130393266678,0.00538895558565855
0.04131213575601578,0.0053767054341733456
0.04133296757936478,0.005253075156360865
0.041353799402713776,0.005039484240114689
0.041374631226062775,0.004693386144936085
0.041395463049411774,0.00426696240901947
0.04141629487276077,0.0036993364337831736
0.04143712669610977,0.003068292746320367
0.04145795851945877,0.0023345625959336758
0.04147879034280777,0.0015607464592903852
0.04149962216615677,0.000731593812815845
0.04152045398950577,-0.0001102413225453347
0.04154128581285477,-0.0009570617694407701
0.041562117636203766,-0.001787529792636633
0.041582949459552765,-0.0026012251619249582
0.041603781282901764,-0.0033701928332448006
0.04162461310625076,-0.004085436463356018
0.04164544492959976,-0.004730593413114548
0.04166627675294876,-0.005284983664751053
0.04168710857629776,-0.0057489387691020966
0.04170794039964676,-0.006096250377595425
0.04172877222299576,-0.0063394345343112946
0.04174960404634476,-0.006449766457080841
0.041770435869693756,-0.006449657026678324
0.041791267693042755,-0.006314071826636791
0.041812099516391754,-0.006070529110729694
0.04183293133974075,-0.005706209689378738
0.04185376316308975,-0.005244291387498379
0.04187459498643875,-0.004680011887103319
0.04189542680978775,-0.00403574388474226
0.04191625863313675,-0.0033417358063161373
0.04193709045648575,-0.002590706804767251
0.04195792227983475,-0.0018225684762001038
0.041978754103183746,-0.0010232094209641218
0.041999585926532745,-0.00021571270190179348
0.042020417749881744,0.00059548020362854
0.04204124957323074,0.0014104086440056562
0.04206208139657974,0.002201324561610818
0.04208291321992874,0.0029841174837201834
0.04210374504327774,0.0037159090861678123
0.04212457686662674,0.004399535246193409
0.04214540868997574,0.005008017644286156
0.04216624051332474,0.0055451467633247375
0.04218707233667374,0.005987520795315504
0.042207904160022736,0.006346836686134338
0.042228735983371735,0.006597691215574741
0.042249567806720734,0.006732230074703693
0.04227039963006973,0.006751666776835918
0.04229123145341873,0.006654758937656879
0.04231206327676773,0.006443850230425596
0.04233289510011673,0.006148995831608772
0.04235372692346573,0.00574868731200695
0.04237455874681473,0.005280631594359875
0.04239539057016373,0.004721984267234802
0.042416222393512726,0.00412257993593812
0.042437054216861725,0.003452626522630453
0.042457886040210724,0.002745464676991105
0.04247871786355972,0.001991563243791461
0.04249954968690872,0.0012048756470903754
0.04252038151025772,0.0003977562300860882
0.04254121333360672,-0.00041813880670815706
0.04256204515695572,-0.0012266919948160648
0.04258287698030472,-0.0019950487185269594
0.04260370880365372,-0.002729127649217844
0.042624540627002716,-0.0033825901336967945
0.042645372450351715,-0.003978150896728039
0.042666204273700714,-0.004471158608794212
0.04268703609704971,-0.004887816496193409
0.04270786792039871,-0.005189594347029924
0.04272869974374771,-0.005402832292020321
0.04274953156709671,-0.005480797961354256
0.04277036339044571,-0.005465162452310324
0.04279119521379471,-0.005340222269296646
0.04281202703714371,-0.005123902577906847
0.042832858860492706,-0.004814120940864086
0.042853690683841705,-0.004421982914209366
0.042874522507190704,-0.003933032974600792
0.0428953543305397,-0.0033767428249120712
0.0429161861538887,-0.002720019780099392
0.0429370179772377,-0.002016626065596938
0.0429578498005867,-0.0012347077718004584
0.0429786816239357,-0.00043146038660779595
0.0429995134472847,0.0004147727449890226
0.0430203452706337,0.0012540107127279043
0.0430411770939827,0.00209173746407032
0.043062008917331696,0.0028937235474586487
0.043082840740680695,0.0036516725085675716
0.043103672564029694,0.004346843808889389
0.04312450438737869,0.004965027794241905
0.04314533621072769,0.005498162936419249
0.04316616803407669,0.0059508346021175385
0.04318699985742569,0.0063015855848789215
0.04320783168077469,0.00654700817540288
0.04322866350412369,0.006680577993392944
0.04324949532747269,0.00669925706461072
0.043270327150821686,0.0066033536568284035
0.043291158974170685,0.006411309819668531
0.043311990797519684,0.0061097657307982445
0.04333282262086868,0.005707447417080402
0.04335365444421768,0.005207574460655451
0.04337448626756668,0.004630484618246555
0.04339531809091568,0.003974157385528088
0.04341614991426468,0.0032756465952843428
0.04343698173761368,0.002520943060517311
0.04345781356096268,0.0017177248373627663
0.043478645384311676,0.0008849333971738815
0.043499477207660675,0.00002037824015133083
0.043520309031009674,-0.0008445882704108953
0.04354114085435867,-0.0017104092985391617
0.04356197267770767,-0.002547135576605797
0.04358280450105667,-0.003363026073202491
0.04360363632440567,-0.004121662583202124
0.04362446814775467,-0.004794403910636902
0.04364529997110367,-0.005385152064263821
0.04366613179445267,-0.005861942190676928
0.043686963617801666,-0.006238276604562998
0.043707795441150665,-0.006501516327261925
0.043728627264499664,-0.006653468124568462
0.04374945908784866,-0.006680771242827177
0.04377029091119766,-0.006593714468181133
0.04379112273454666,-0.006395246833562851
0.04381195455789566,-0.00608750618994236
0.04383278638124466,-0.0057034483179450035
0.04385361820459366,-0.005221850238740444
0.04387445002794266,-0.004664203152060509
0.043895281851291656,-0.004026859998703003
0.043916113674640656,-0.0033161230385303497
0.043936945497989655,-0.0025488254614174366
0.043957777321338654,-0.0017136395908892155
0.04397860914468765,-0.0008492968627251685
0.04399944096803665,0.00005482605774886906
0.04402027279138565,0.0009580722544342279
0.04404110461473465,0.0018765614368021488
0.04406193643808365,0.0027631022967398167
0.04408276826143265,0.0036412994377315044
0.04410360008478165,0.004457342438399792
0.044124431908130646,0.005227008368819952
0.044145263731479645,0.005907166749238968
0.044166095554828644,0.006495784502476454
0.04418692737817764,0.006973118055611849
0.04420775920152664,0.007342633791267872
0.04422859102487564,0.00758649967610836
0.04424942284822464,0.007703124079853296
0.04427025467157364,0.007687848526984453
0.04429108649492264,0.007552450057119131
0.04431191831827164,0.0072875311598181725
0.044332750141620636,0.006937000900506973
0.044353581964969635,0.0064676664769649506
0.044374413788318634,0.005927109159529209
0.04439524561166763,0.00528511218726635
0.04441607743501663,0.004577219486236572
0.04443690925836563,0.0037911355029791594
0.04445774108171463,0.002967603038996458
0.04447857290506363,0.0020934264175593853
0.04449940472841263,0.0011825242545455694
0.04452023655176163,0.0002513571234885603
0.044541068375110626,-0.0006955858552828431
0.044561900198459625,-0.0016308417543768883
0.044582732021808624,-0.0025170622393488884
0.04460356384515762,-0.0033603180199861526
0.04462439566850662,-0.0041247885674238205
0.04464522749185562,-0.004818981047719717
0.04466605931520462,-0.005415353924036026
0.04468689113855362,-0.005919387564063072
0.04470772296190262,-0.006294793449342251
0.04472855478525162,-0.006562639959156513
0.044749386608600616,-0.006714320741593838
0.044770218431949615,-0.006751003675162792
0.044791050255298615,-0.006694090086966753
0.044811882078647614,-0.006522427313029766
0.04483271390199661,-0.00626313965767622
0.04485354572534561,-0.005896680988371372
0.04487437754869461,-0.0054564522579312325
0.04489520937204361,-0.004922793712466955
0.04491604119539261,-0.004309511743485928
0.04493687301874161,-0.0036226361989974976
0.04495770484209061,-0.0028677750378847122
0.044978536665439606,-0.0020638536661863327
0.044999368488788605,-0.0012334173079580069
0.045020200312137604,-0.0003820768615696579
0.0450410321354866,0.0004707565240096301
0.0450618639588356,0.0013154908083379269
0.0450826957821846,0.0021393541246652603
0.0451035276055336,0.0029265820048749447
0.0451243594288826,0.003667775308713317
0.0451451912522316,0.0043463073670864105
0.0451660230755806,0.004979635123163462
0.045186854898929596,0.005527895875275135
0.045207686722278595,0.005999415181577206
0.045228518545627594,0.006368417292833328
0.04524935036897659,0.006631319411098957
0.04527018219232559,0.006780799478292465
0.04529101401567459,0.006821861956268549
0.04531184583902359,0.006746209226548672
0.04533267766237259,0.006548742763698101
0.04535350948572159,0.006238958798348904
0.04537434130907059,0.00580708310008049
0.045395173132419586,0.005275593139231205
0.045416004955768585,0.004668321460485458
0.045436836779117584,0.003981145564466715
0.04545766860246658,0.003247115993872285
0.04547850042581558,0.0024576017167419195
0.04549933224916458,0.0016571965534240007
0.04552016407251358,0.0008285845397040248
0.04554099589586258,0.00002724007936194539
0.04556182771921158,-0.0007744805188849568
0.04558265954256058,-0.001555808586999774
0.045603491365909576,-0.0023105673026293516
0.045624323189258575,-0.0030363616533577442
0.045645155012607574,-0.00371018098667264
0.045665986835956573,-0.00430657435208559
0.04568681865930557,-0.004829223267734051
0.04570765048265457,-0.005261462647467852
0.04572848230600357,-0.0056037623435258865
0.04574931412935257,-0.005831234157085419
0.04577014595270157,-0.0059591615572571754
0.04579097777605057,-0.005951141007244587
0.04581180959939957,-0.005841436795890331
0.045832641422748566,-0.005614001303911209
0.045853473246097565,-0.005290522240102291
0.045874305069446564,-0.004865430295467377
0.04589513689279556,-0.004356984049081802
0.04591596871614456,-0.003759564831852913
0.04593680053949356,-0.0030975895933806896
0.04595763236284256,-0.002387380227446556
0.04597846418619156,-0.001636103494092822
0.04599929600954056,-0.0008490069303661585
0.04602012783288956,-0.00004718784475699067
0.046040959656238556,0.0007741432636976242
0.046061791479587555,0.0015823508147150278
0.046082623302936554,0.0023601700086146593
0.04610345512628555,0.0030976138077676296
0.04612428694963455,0.003794207237660885
0.04614511877298355,0.0044257864356040955
0.04616595059633255,0.00499366968870163
0.04618678241968155,0.005476081743836403
0.04620761424303055,0.005859939847141504
0.04622844606637955,0.00614351499825716
0.046249277889728546,0.006342686712741852
0.046270109713077545,0.006433384492993355
0.046290941536426544,0.006427161395549774
0.04631177335977554,0.006310884840786457
0.04633260518312454,0.006098745856434107
0.04635343700647354,0.005782423075288534
0.04637426882982254,0.005382924806326628
0.04639510065317154,0.004891708958894014
0.04641593247652054,0.004297553561627865
0.04643676429986954,0.003629952436313033
0.046457596123218536,0.002885777037590742
0.046478427946567535,0.002092221984639764
0.046499259769916534,0.0012678104685619473
0.04652009159326553,0.0004215361550450325
0.04654092341661453,-0.0004421773483045399
0.04656175523996353,-0.0012984800850972533
0.04658258706331253,-0.002133098663762212
0.04660341888666153,-0.0029312751721590757
0.04662425071001053,-0.0036706551909446716
0.04664508253335953,-0.0043471455574035645
0.04666591435670853,-0.004953742027282715
0.046686746180057526,-0.005475577898323536
0.046707578003406525,-0.0058876145631074905
0.046728409826755524,-0.00619869027286768
0.04674924165010452,-0.006400121375918388
0.04677007347345352,-0.006491883657872677
0.04679090529680252,-0.006472304463386536
0.04681173712015152,-0.006341804284602404
0.04683256894350052,-0.006076259072870016
0.04685340076684952,-0.005706794559955597
0.04687423259019852,-0.005226063542068005
0.046895064413547516,-0.004656102042645216
0.046915896236896515,-0.0039938660338521
0.046936728060245514,-0.0032635359093546867
0.04695755988359451,-0.002458888804540038
0.04697839170694351,-0.0016122166998684406
0.04699922353029251,-0.0007370951352640986
0.04702005535364151,0.0001505655818618834
0.04704088717699051,0.0010454022558405995
0.04706171900033951,0.0019226018339395523
0.04708255082368851,0.002788778394460678
0.047103382647037506,0.0036075348034501076
0.047124214470386505,0.004385536070913076
0.047145046293735504,0.005088666453957558
0.0471658781170845,0.0057321395725011826
0.0471867099404335,0.006277593784034252
0.0472075417637825,0.006747748702764511
0.0472283735871315,0.00710239727050066
0.0472492054104805,0.00735032232478261
0.0472700372338295,0.007472333498299122
0.0472908690571785,0.007492221891880035
0.047311700880527496,0.00738374050706625
0.047332532703876495,0.007158491760492325
0.047353364527225494,0.006810561753809452
0.04737419635057449,0.006348049268126488
0.04739502817392349,0.0057768067345023155
0.04741585999727249,0.005130913574248552
0.04743669182062149,0.004397408105432987
0.04745752364397049,0.003604983212426305
0.04747835546731949,0.002751024439930916
0.04749918729066849,0.0018543233163654804
